review,sentiment
i love this app it is so useful and easy to use,positive
terrible experience the app crashes all the time,negative
decent app but needs improvement in the ui,positive
fantastic this app has changed my life,positive
the app is okay but it lacks many features,positive
worst app ever it is full of bugs,negative
excellent functionality and userfriendly design,positive
not bad but there are better alternatives out there,positive
im very satisfied with this app highly recommended,positive
the app is slow and unresponsive at times,neutral
good app but it could use some updates,positive
i had a bad experience the customer support is unhelpful,negative
amazing app very intuitive and efficient,positive
its an average app nothing special,negative
ive been using this app for months and i love it,positive
disappointed the app doesnt work as advertised,negative
pretty good app but theres room for improvement,positive
i wouldnt recommend this app to anyone,negative
the app is great but it crashes occasionally,positive
very pleased with this app it meets all my needs,positive
this app exceeded my expectations,neutral
the interface is cluttered and confusing,negative
great app but a bit overpriced,positive
very buggy needs a lot of improvements,positive
the customer service was excellent,positive
i found this app to be very intuitive,neutral
not worth the money i want a refund,negative
the best app in its category,positive
the latest update broke many features,negative
highly useful for my daily tasks,positive
i encountered frequent crashes,neutral
very satisfied with the performance,positive
the design is sleek and modern,neutral
the app is not compatible with my device,neutral
i love the new features in the latest update,positive
the app drains my battery quickly,neutral
userfriendly and efficient,positive
too many ads make it unusable,neutral
reliable and performs well,positive
the app is okay but needs more features,positive
it’s good but i had higher expectations,positive
i’ve had a smooth experience so far,neutral
not intuitive at all very complicated,neutral
one of the best apps i’ve used,positive
the app often freezes and crashes,neutral
helpful customer support,positive
the app doesn’t have enough tutorials,neutral
fantastic performance and reliability,positive
i wouldn’t use any other app,neutral
the app could use a dark mode,neutral
